Producto,Ingrediente
Producto 1,M
Producto 1,A
Producto 2,N
Producto 2,K
Producto 2,T
Producto 2,S
Producto 2,P
Producto 2,O
Producto 2,Q
Producto 2,F
Producto 2,V
Producto 2,E
Producto 3,U
Producto 3,G
Producto 3,K
Producto 3,S
Producto 3,P
Producto 3,O
Producto 3,Q
Producto 3,M
Producto 3,H
Producto 3,V
Producto 3,X
Producto 3,C
Producto 3,J
Producto 3,L
Producto 3,R
Producto 4,U
Producto 4,G
Producto 4,K
Producto 4,O
Producto 4,Q
Producto 4,W
Producto 4,J
Producto 5,K
Producto 5,U
Producto 5,N
Producto 5,T
Producto 5,P
Producto 5,O
Producto 5,Q
Producto 5,M
Producto 5,H
Producto 5,B
Producto 5,I
Producto 5,F
Producto 5,X
Producto 5,C
Producto 5,J
Producto 5,D
Producto 5,L
Producto 6,G
Producto 6,N
Producto 6,K
Producto 6,T
Producto 6,P
Producto 6,O
Producto 6,Q
Producto 6,D
Producto 6,M
Producto 6,H
Producto 6,B
Producto 6,I
Producto 6,X
Producto 6,C
Producto 6,J
Producto 6,L
Producto 6,R
Producto 7,N
Producto 7,K
Producto 7,T
Producto 7,P
Producto 7,O
Producto 7,Q
Producto 7,D
Producto 7,M
Producto 7,H
Producto 7,B
Producto 7,I
Producto 7,X
Producto 7,C
Producto 7,J
Producto 7,L
Producto 7,R
Producto 8,U
Producto 8,K
Producto 8,P
Producto 8,O
Producto 8,Q
Producto 8,D
Producto 8,M
Producto 8,H
Producto 8,I
Producto 8,X
Producto 8,C
Producto 8,J
Producto 8,L
Producto 8,R
Producto 9,C
Producto 9,U
Producto 9,M
Producto 9,T
Producto 9,N
Producto 9,P
Producto 9,O
Producto 9,Q
Producto 9,I
Producto 9,B
Producto 9,J
Producto 9,D
Producto 9,H
Producto 9,L
Producto 9,X
Producto 10,O
Producto 10,Q
Producto 10,D
Producto 10,H
Producto 10,F
Producto 10,X
Producto 10,C
Producto 10,J
Producto 10,L
Producto 11,U
Producto 11,N
Producto 11,T
Producto 11,P
Producto 11,O
Producto 11,Q
Producto 11,B
Producto 11,I
Producto 11,F
Producto 11,V
Producto 11,W
Producto 11,J
Producto 12,K
Producto 12,P
Producto 12,O
Producto 12,Q
Producto 12,D
Producto 12,H
Producto 12,B
Producto 12,X
Producto 12,C
Producto 12,R
Producto 13,F
Producto 13,E
Producto 14,U
Producto 14,N
Producto 14,P
Producto 14,O
Producto 14,Q
Producto 14,D
Producto 14,M
Producto 14,H
Producto 14,E
Producto 14,X
Producto 14,C
Producto 14,J
Producto 14,L
Producto 14,R
Producto 15,G
Producto 15,K
Producto 15,T
Producto 15,S
Producto 15,P
Producto 15,O
Producto 15,Q
Producto 15,I
Producto 15,F
Producto 15,J
Producto 16,G
Producto 16,K
Producto 16,P
Producto 16,O
Producto 16,Q
Producto 16,I
Producto 16,E
Producto 17,N
Producto 17,P
Producto 17,Q
Producto 17,D
Producto 17,H
Producto 17,B
Producto 17,E
Producto 17,W
Producto 18,N
Producto 18,P
Producto 18,O
Producto 18,Q
Producto 18,D
Producto 18,H
Producto 18,B
Producto 18,E
Producto 18,W
Producto 19,G
Producto 19,K
Producto 19,P
Producto 19,O
Producto 19,Q
Producto 19,I
Producto 19,E
Producto 19,W
Producto 20,N
Producto 20,G
Producto 20,Q
Producto 21,N
Producto 21,Q
Producto 21,B
Producto 21,I
Producto 21,E
Producto 22,G
Producto 22,P
Producto 22,Q
Producto 23,N
Producto 23,G
Producto 23,K
Producto 23,S
Producto 23,P
Producto 23,O
Producto 23,Q
Producto 23,F
Producto 23,V
Producto 23,W
Producto 24,N
Producto 24,G
Producto 24,S
Producto 24,P
Producto 24,O
Producto 24,Q
Producto 24,D
Producto 24,M
Producto 24,H
Producto 24,V
Producto 24,W
Producto 24,J
Producto 24,R
Producto 25,N
Producto 25,G
Producto 25,K
Producto 25,S
Producto 25,P
Producto 25,O
Producto 25,Q
Producto 25,I
Producto 25,F
Producto 25,V
Producto 25,E
